img,plate
1.png,59-P1 332.02
2.png,54-T1 4995
3.png,51-L4 1138
4.png,59-M1 760.54
5.png,60-FP 1469
6.png,65-F1 315.32
7.png,47-B1 770.40
8.png,59-C2 305.13
9.png,59-D1 856.19
10.png,59-C2 550.06
11.png,54-P1 1782
12.png,54-L3 6961
13.png,59-K1 223.23
14.png,59-M1 217.04
15.png,54-P2 4739
16.png,63-B3 044.26
17.png,60-C1 237.74
18.png,59-N1 695.75
19.png,54-V2 5804
20.png,60-U2 3465
21.png,52-T8 5761
22.png,76-H1 175.50
23.png,59-C2 593.92
24.png,54-T3 0255
25.png,54-V3 9264
26.png,59-P2 189.00
27.png,54-S8 4120
28.png,59-H1 439.86
29.png,54-F2 8259
30.png,59-S2 235.46
31.png,59-C1 397.80
32.png,54-T1 7232
33.png,63-H3 1295
34.png,59-A3 086.40
35.png,59-M1 600.77
36.png,59-U1 454.76
37.png,59-T1 616.54
38.png,59-F1 219.26
39.png,59-H1 028.76
40.png,59-S2 316.06
41.png,84-G1 225.93
42.png,59-C2 281.14
43.png,59-B1 378.58
44.png,65-L1 083.96
45.png,59-P1 892.67
46.png,59-S2 083.38
47.png,59-H1 636.02
48.png,59-S1 818.34
49.png,51-K6 1392
50.png,72-K1 254.76
51.png,54-M2 9266
53.png,59-Y1 608.11
54.png,52-P3 9520
55.png,59-L1 776.93
56.png,54-H1 5326
57.png,59-X1 374.38
58.png,54-S8 5452
59.png,59-N1 471.02
60.png,59-C2 414.73
61.png,79-H1 200.23
62.png,"60-B6 280,32"
63.png,59-P2 207.70
64.png,63-H5 4588
65.png,59-V2 335.22
66.png,79-C1 221.77
67.png,59-F1 322.10
68.png,59-X1 243.40
69.png,59-V2 090.48
70.png,79-Z1 185.89
71.png,54-Y3 8211
72.png,59-E1 029.93
73.png,54-U5 2813
74.png,67-B1 696.60
75.png,59-N1 739.48
76.png,59-Y1 919.82
78.png,51-P9 8308
79.png,54-L1 8811
80.png,60-V7 7002
81.png,59-F1 138.60
82.png,59-C2 527.95
83.png,59-T1 888.08
84.png,59-T1 621.33
85.png,61-G1 043.05
86.png,59-T1 313.40
87.png,59-V2 008.84
88.png,59-S1 262.08
89.png,59-S2 080.82
91.png,59-C1 040.54
92.png,59-T1 534.85
93.png,63-H5 1336
94.png,54-K1 6483
95.png,60-Z7 7813
96.png,59-P1 664.80
97.png,54-F3 7071
98.png,59-B1 234.68
99.png,77-F1 305.41
100.png,60-B1 864.36
101.png,59-L1 447.16
102.png,59-S1 248.31
103.png,59-C1 391.13
104.png,59-K1 418.19
105.png,63-B9 579.26
106.png,59-T1 347.38
107.png,59-H1 525.12
108.png,72-K1 085.50
109.png,76-D1 240.27
110.png,54-Z3 1084
111.png,54-N4 6324
112.png,59-C2 019.09
113.png,60-B6 088.80
114.png,59-C2 628.72
115.png,54-L2 9072
116.png,54-V2 263.10
117.png,59-S1 352.52
118.png,59-T1 052.97
119.png,54-K4 0723
120.png,59-U1 598.97
121.png,59-C1 686.12
122.png,51-L5 4520
123.png,60-F2 045.65
124.png,59-C1 653.31
125.png,59-L1 941.76
126.png,59-U1 661.41
127.png,60-B1 571.22
128.png,54-X2 6487
129.png,60-FL 7420
130.png,78-E1 241.13
131.png,59-P1 837.38
132.png,59-X1 695.92
133.png,79-Z1 048.11
134.png,59-G1 251.21
135.png,59-P2 083.24
136.png,53-P2 4531
137.png,51-P7 4022
138.png,59-T1 830.13
139.png,54-U5 4316
140.png,77-C1 393.73
141.png,54-X8 2567
142.png,51-L8 0104
143.png,59-P2 303.51
144.png,61-Z1 2662
145.png,59-E1 723.61
146.png,54-X9 9300
147.png,59-T1 082.64
148.png,51-L6 8446
149.png,59-X2 0354
150.png,59-Y1 713.64
151.png,59-K1 225.99
152.png,59-K1 650.72
153.png,54-2 2733
154.png,59-C1 482.75
155.png,54-S4 4283
156.png,50-BA 555.17
157.png,59-T1 922.70
158.png,47-C1 152.94
159.png,59-E1 531.27
160.png,61-C1 064.03
161.png,66-L1 266.85
162.png,54-U5 7001
163.png,49-K1 073.20
164.png,16-M9 0826
165.png,54-S8 5489
166.png,62-G1 097.36
167.png,59-L1 847.59
168.png,52-N5 2030
169.png,59-N1 748.64
170.png,59-C1 670.71
171.png,67-F1 113.17
172.png,59-D1 887.28
173.png,77-F7 9919
174.png,64-D1 132.41
175.png,78-C1 231.79
176.png,59-F1 765.97
177.png,59-H1 561.97
178.png,67-B1 408.33
179.png,59-S1 534.18
180.png,72-C1 125.11
181.png,66-N1 130.34
182.png,59-C1 253.18
183.png,59-C1 622.93
184.png,59-D1 599.89
185.png,59-P2 002.63
186.png,59-L1 916.51
187.png,78-N2 5203
188.png,59-C1 3631
189.png,81-B1 387.46
190.png,59-L1 508.99
191.png,62-P1 519.09
192.png,75-F1 029.91
193.png,81-B1 379.63
194.png,54-P7 2138
195.png,60-B3 163.91
196.png,83-P1 675.60
197.png,59-F1 322.46
198.png,59-E1 550.40
199.png,85-B1 028.36
200.png,51-T4 2133
201.png,52-P8 7232
202.png,54-S2 2148
203.png,59-X1 544.97
204.png,59-P2 323.34
205.png,59-L2 313.18
206.png,51-H4 2822
207.png,78-H1 021.33
208.png,60-X9 4808
209.png,59-N1 875.15
210.png,59-S2 267.54
211.png,59-V2 160.23
212.png,59-T1 599.73
213.png,59-X2 773.99
214.png,79-Z1 5804
215.png,59-B1 311.49
216.png,53-R9 0844
218.png,59-F1 314.69
219.png,59-C2 5920
220.png,54-N6 4172
221.png,67-H1 036.55
222.png,51-K2 8501
223.png,59-S2 232.45
225.png,59-B1 385.59
226.png,60-C1 658.29
227.png,59-C2 582.56
229.png,59-E1 296.60
230.png,62-V1 6814
231.png,79-U2 4621
232.png,60-C2 366.87
233.png,62-K1 179.29
234.png,70-K1 059.63
235.png,59-C1 5610
236.png,54-T2 3353
237.png,59-L2 054.42
239.png,62-L1 227.67
240.png,59-S2 219.69
241.png,59-H1 341.59
243.png,67-G1 067.16
244.png,59-S2 299.69
245.png,51-X9 1894
246.png,93-F1 170.78
247.png,59-T1 009.85
248.png,59-F1 474.88
249.png,54-F4 4078
250.png,55-Y4 8437
251.png,66-P1 519.93
252.png,60-B9 383.85
253.png,59-C2 247.29
254.png,59-E1 341.92
255.png,51-5 6273
256.png,49-B1 511.83
257.png,52-T5 6177
258.png,84-K5 1618
259.png,68-H2 6613
260.png,59-B1 291.17
261.png,94-K1 2426
262.png,59-Z2 054.56
263.png,59-S2 510.95
264.png,59-H1 555.56
265.png,59-P1 418.18
266.png,59-E1 639.78
267.png,93-F9 4406
268.png,86-N1 105.47
269.png,60-DB1 931.13
270.png,59-G1 965.77
271.png,59-C1 228.51
272.png,59-H1 593.24
273.png,59-N2 090.50
274.png,59-S2 329.28
275.png,72-F1 311.44
277.png,60-B5 523.33
278.png,59-Y1 674.52
279.png,59-T1 802.03
280.png,69-C1 285.88
281.png,60-B7 154.61
282.png,82-K3 7689
283.png,86-B3 198.58
284.png,95-H1 121.78
285.png,37-K4 6713
286.png,59-S1 068.65
287.png,52-P5 0334
288.png,54-U3 9055
289.png,59-V1 452.17
291.png,59-L2 149.99
292.png,59-A3 036.15
293.png,59-U1 528.84
294.png,68-T9 0223
295.png,59-E1 689.73
296.png,59-Y1 873.04
297.png,60-B7 341.76
298.png,59-L1 481.83
300.png,59-Z1 206.81
301.png,85-F1 004.17
302.png,63-F6 8411
303.png,93-P1 174.09
304.png,83-C1 171.11
305.png,54-T3 4538
306.png,43-G1 136.84
308.png,59-K1 832.35
309.png,59-K1 903.00
311.png,50-N1 125.82
312.png,59-U1 352.26
313.png,59-T1 455.77
314.png,67-M2 5949
315.png,85-B1 178.51
316.png,59-Y1 877.24
317.png,59-C2 574.92
318.png,59-S1 112.89
319.png,52-F5 3512
320.png,59-U1 561.41
321.png,60-C2 006.84
322.png,95-DB 011.79
323.png,59-M1 462.04
324.png,53-V7 3196
325.png,63-B1 409.91
326.png,59-N1 879.57
327.png,59-B1 000.02
328.png,52-U4 4702
329.png,59-C2 511.09
330.png,49-F1 086.60
331.png,59-F1 150.42
332.png,71-B2 079.99
333.png,47-B1 428.72
334.png,59-S2 010.79
335.png,54-S5 5036
336.png,54-S4 6869
337.png,51-P5 4578
338.png,43-D1 065.44
339.png,67-M1 360.37
340.png,59-D1 438.20
341.png,59-D1 654.55
342.png,51-H2 5512
343.png,59-S1 149.91
344.png,59-L2 313.95
346.png,51-L3 0352
347.png,59-V2 453.87
348.png,72-C1 360.87
349.png,59-E1 531.39
350.png,59-T1 875.64
351.png,54-4 7039
352.png,49-G1 099.99
353.png,71-B1 401.40
354.png,51-S5 7559
355.png,49-B1 312.15
356.png,52-Y6 5446
357.png,59-S1 953.82
358.png,33-M7 3521
359.png,59-M1 082.75
360.png,81-G1 147.10
361.png,54-X9 5114
363.png,52-Z7 9752
365.png,59-C1 351.32
366.png,30-F1 4765
367.png,59-E1 687.85
368.png,59-H1 418.55
369.png,59-L1 894.75
370.png,77-H1 068.30
371.png,59-C1 325.02
373.png,59-S1 594.84
374.png,59-C1 436.89
375.png,51-K5 9102
376.png,59-S1 313.86
377.png,59-N1 255.21
378.png,59-E1 509.88
380.png,95-P2 6027
381.png,59-L1 357.03
384.png,60-U2 9125
385.png,48-B1 288.07
386.png,67-B1 009.79
387.png,51-H3 2153
388.png,59-V2 455.06
389.png,60-F2 019.49
390.png,47-B1 426.42
394.png,59-S1 713.98
395.png,52-U6 2655
396.png,61-D1 128.78
397.png,60-F1 617.50
398.png,59-P2 211.81
399.png,51-K3 8796
400.png,59-C1 618.91
402.png,77-YV3 4619
404.png,62-K5 1250
405.png,60-F1 183.19
406.png,59-C1 163.49
407.png,52-L2 6661
408.png,71-S3 5011
409.png,59-S2 366.23
410.png,63-B6 134.21
411.png,59-M1 487.00
412.png,54-H2 2721
413.png,55-P8 7062
414.png,59-L2 276.02
415.png,59-E1 001.79
416.png,59-F1 827.87
417.png,59-P1 988.76
419.png,59-N1 180.63
420.png,59-S2 460.39
421.png,71-B1 580.70
422.png,59-L1 109.89
423.png,49-B1 041.82
424.png,59-H1 526.97
425.png,59-F1 090.31
426.png,59-H1 157.93
427.png,48-B1 314.42
428.png,59-F1 629.19
429.png,54-T5 2159
430.png,52-Z6 5061
431.png,59-P2 313.16
432.png,59-S2 278.31
433.png,63-B1 387.86
435.png,59-H1 435.64
436.png,59-B1 314.89
437.png,59-L1 822.43
438.png,99-L1 238.82
439.png,59-C1 311.62
440.png,65-S2 1319
441.png,59-X2 354.79
442.png,59-E1 047.44
443.png,60-B2 361.61
444.png,59-T1 569.87
445.png,59-B1 346.82
446.png,16-M2 6315
447.png,59-M1 035.19
448.png,54-X3 7676
449.png,59-F1 631.86
450.png,59-L2 047.75
451.png,54-S1 4959
452.png,59-P2 209.47
453.png,59-D2 131.13
454.png,59-F1 166.92
455.png,59-P1 928.93
456.png,59-V1 778.32
457.png,60-Y7 3914
458.png,53-Z1 1759
459.png,59-T1 003.81
461.png,85-D1 218.69
462.png,60-U2 9890
463.png,59-E1 295.65
464.png,52-T7 6433
465.png,54-U1 4469
466.png,59-L1 567.20
467.png,93-P1 063.12
469.png,54-U2 5965
470.png,59-L1 678.24
471.png,79-Z1 167.92
472.png,59-Y1 025.33
473.png,59-C1 230.83
474.png,59-H1 044.25
475.png,59-C2 574.72
476.png,72-H5 8794
477.png,54-N9 5449
478.png,59-V1 855.84
479.png,59-L1 540.63
480.png,59-L2 113.47
482.png,79-L4 0995
483.png,93-F1 264.79
484.png,59-E1 641.41
485.png,54-H3 5581
486.png,59-T1 655.50
487.png,59-T1 296.13
488.png,59-Y1 925.33
489.png,59-U1 452.67
490.png,59-T1 555.00
491.png,59-P2 131.59
492.png,71-2 177.57
493.png,93-E1 051.19
497.png,59-D1 004.44
498.png,59-V1 527.55
499.png,52-Z8 327
500.png,54-S2 5505
501.png,71-H1 5518
502.png,64-K1 043.43
503.png,59-F1 685.64
504.png,59-H1 549.86
505.png,59-D1 462.88
506.png,59-S1 394.87
507.png,86-AA 010.79
509.png,59-T1 023.09
510.png,59-U1 517.71
511.png,59-D2 171.48
512.png,60-B6 280.32
514.png,59-D1 673.93
516.png,54-R4 7039
517.png,47-N9 0859
518.png,59-M1 894.04
520.png,59-U1 769.47
521.png,59-K1 693.23
522.png,54-L5 9913
523.png,59-U1 488.50
524.png,54-Z2 8101
525.png,59-B1 192.40
526.png,59-FA 005.91
527.png,59-E1 252.97
528.png,49-B1 233.54
529.png,59-P2 230.50
530.png,59-S2 165.55
531.png,59-N1 071.95
532.png,51-S2 5013
534.png,60-B3 345.34
535.png,59-B1 349.17
536.png,49-B1 453.48
537.png,54-V3 8314
538.png,59-V2 002.85
539.png,59-B1 335.76
540.png,59-X1 402.43
541.png,59-Y1 547.76
542.png,54-M2 5694
543.png,59-Y1 732.81
544.png,59-V2 436.54
545.png,52-P2 0878
546.png,60-F1 415.16
547.png,59-M1 077.90
548.png,54-S5 4463
549.png,53-S3 9152
550.png,66-G1 157.23
551.png,54-Z3 2172
552.png,59-H1 622.81
553.png,59-X2 942.70
554.png,59-X2 627.21
555.png,86-B1 146.30
556.png,66-P1 5739
557.png,59-H1 547.92
558.png,60-X4 6482
559.png,59-F1 381.51
560.png,51-D1 478.34
561.png,59-C1 162.74
562.png,55-X2 0010
563.png,77-H6 2229
565.png,59-F1 704.24
566.png,49-K1 208.86
567.png,81-B1 268.10
568.png,52-F3 9280
569.png,54-S9 2073
570.png,59-S1 151.33
572.png,69-D1 042.58
573.png,93-B1 170.85
574.png,59-X2 977.72
575.png,60-C1 619.75
576.png,59-S1 495.25
577.png,82-B1 261.69
578.png,59-S2 447.17
580.png,59-U1 457.81
581.png,59-F1 266.26
582.png,66-H6 0786
583.png,59-C2 425.04
584.png,61-N4 0663
586.png,60-B1 491.39
587.png,59-S1 872.31
588.png,59-U1 396.19
589.png,62-H2 1327
590.png,93-F1 249.85
591.png,59-T1 605.74
592.png,59-P2 147.06
593.png,59-F1 584.05
594.png,59-T1 797.42
595.png,86-B6 087.97
596.png,54-L5 1899
597.png,59-D2 069.73
598.png,59-F1 200.66
599.png,79-N1 259.90
600.png,51-S8 4605
601.png,76-G1 116.49
602.png,59-G1 868.95
603.png,60-C2 323.01
605.png,54-T5 6168
607.png,55-P4 4641
608.png,94-H4 1831
609.png,65-X4 4850
610.png,55-X8 6970
611.png,54-S5 4376
612.png,51-S9 3114
614.png,59-T1 644.17
615.png,59-B1 351.99
616.png,54-Z8 8767
617.png,59-E1 656.53
619.png,54-F2 3213
620.png,59-C2 012.08
621.png,59-F1 365.64
622.png,59-E1 179.36
623.png,59-M1 750.12
624.png,54-K3 4770
625.png,59-P1 529.34
626.png,59-L1 531.22
627.png,59-Y1 648.31
628.png,52-F4 1035
629.png,59-C1 611.10
630.png,59-E1 215.00
631.png,59-E1 036.40
632.png,59-P1 479.69
633.png,60-B3 252.20
634.png,59-Z1 139.30
635.png,55-P2 3999
636.png,54-S7 3211
637.png,59-U1 780.39
638.png,59-T1 510.02
639.png,49-M7 1975
640.png,59-H1 677.91
641.png,54-S8 9169
642.png,66-L1 352.24
643.png,59-Z1 196.32
644.png,78-G1 043.08
645.png,59-S1 742.03
646.png,51-H3 0234
647.png,59-X1 213.94
649.png,59-P1 558.11
650.png,60-B8 137.05
651.png,51-L1 8088
652.png,78H 2348
653.png,76-U1 151.78
654.png,54-S5 8960
655.png,71-C2 300.79
656.png,59-K1 026.25
657.png,60-R6 1172
658.png,59-N1 537.82
660.png,62-K1 095.71
661.png,84-E1 263.77
662.png,59-T1 279.57
663.png,59-T1 744.43
664.png,59-N1 014.25
665.png,59-C1 324.28
668.png,59-V1 840.31
669.png,59-S1 554.83
670.png,59-K1 130.99
672.png,59-P1 337.68
673.png,59-B1 251.57
674.png,59-V1 924.11
675.png,70-B1 471.89
676.png,54-L6 9606
677.png,59-X1 2194
678.png,62-L1 209.95
680.png,59-F1 732.70
681.png,59-L1 362.61
683.png,59-L1 448.02
684.png,70-L1 370.96
685.png,59-C1 236.82
686.png,51-F8 4779
687.png,77-E1 305.77
688.png,50-N1 186.89
689.png,54-L4 8062
690.png,59-X2 965.53
691.png,59-D1 494.89
692.png,54-T1 9588
693.png,59-T1 279.08
694.png,72-K5 9221
695.png,52-M9 0589
696.png,51-F5 8028
698.png,54-L6 4897
700.png,59-H1 354.60
701.png,59-P1 832.57
702.png,95-G1 016.43
703.png,70-B1 321.68
704.png,54-S2 4522
705.png,59-P2 152.70
706.png,66-S1 122.39
707.png,54-V8 1990
708.png,59-D1 670.23
709.png,59-U1 650.72
710.png,60-B9 157.81
711.png,54-F3 0096
712.png,93-C1 020.79
714.png,54-V5 8964
715.png,85-8 3682
716.png,59-H1 605.91
717.png,55-P8 5535
718.png,59-M1 818.59
719.png,52-U8 4577
721.png,37-H1 104.01
722.png,47-C1 056.44
723.png,70-SA 0367
724.png,71-H8 8424
725.png,59-M1 902.08
726.png,59-E1 425.30
727.png,59-C1 280.98
728.png,59-D1 627.87
729.png,86-C1 331.39
730.png,59-C1 560.86
731.png,79-K1 020.61
732.png,61-X2 3244
733.png,59-S1 006.85
734.png,94-B1 195.80
735.png,59-T1 464.57
737.png,59-C1 005.07
738.png,59-X2 683.27
739.png,59-S2 544.55
740.png,59-C2 048.37
741.png,59-F1 188.14
742.png,59-L1 877.60
743.png,59-U1 591.75
744.png,61-S4 0134
745.png,68-LA 007.76
746.png,54-L4 8348
748.png,92-H1 421.07
752.png,34-K2 3664
753.png,59-U1 861.23
756.png,59-F1 689.55
757.png,55-P9 2840
758.png,52-F8 6932
759.png,86-B2 277.65
760.png,72-K6 7070
761.png,59-G1 989.07
762.png,63-H4 0538
763.png,62-H5 7108
764.png,71-S5 7611
765.png,69-C1 205.91
766.png,59-F1 524.78
767.png,59-E1 587.20
768.png,59-G1 126.71
769.png,59-C1 062.31
770.png,59-K1 624.04
771.png,81-H1 2204
772.png,86-K4 4446
773.png,59-S1 998.91
774.png,76-G1 120.00
775.png,54-X4 1983
776.png,52-F7 3840
778.png,59-X2 788.48
779.png,59-L1 163.92
780.png,59-X1 451.28
782.png,59-T1 354.15
783.png,59-F1 458.42
784.png,59-N1 617.76
786.png,59-V2 445.88
787.png,59-C2 463.26
788.png,59-E1 563.47
789.png,54-L2 4264
790.png,59-V1 592.30
791.png,75-F1 298.30
792.png,59-F1 492.71
793.png,59-E1 198.03
794.png,60-B8 164.55
796.png,59-F1 313.16
797.png,81-G1 135.56
798.png,59-T1 656.71
799.png,59-S2 400.65
800.png,50-N1 026.54
801.png,59-P1 334.58
802.png,47-1 4301
803.png,56-P2 5963
804.png,51-F6 9090
805.png,51-LD 5634
806.png,60-T7 7586
807.png,59-Z1 265.53
808.png,85-S1 5378
809.png,59-V2 082.17
810.png,59-P2 297.29
811.png,78-K1 006.77
812.png,60-B5 238.22
814.png,61-C1 614.07
815.png,16-F2 6303
816.png,72-L6 3974
817.png,95-AA 008.39
818.png,59-S2 189.04
820.png,54-H4 4091
821.png,59-M1 975.80
822.png,79-H3 4211
823.png,54-Y9 9149
824.png,74-K1 5866
825.png,51-S5 0082
826.png,69-AB 026.73
827.png,61-G1 251.22
828.png,61-H5 9381
829.png,79-K7 8987
830.png,52-P4 9134
831.png,59-T1 644.55
832.png,59-F1 545.73
834.png,59-F1 132.30
835.png,72-C1 393.15
836.png,59-H1 437.27
838.png,54-F3 0667
839.png,59-H1 193.74
840.png,59-V1 074.73
841.png,59-P1 888.47
842.png,59-G1 393.57
844.png,59-E1 512.07
845.png,47-D1 187.16
846.png,70-G1 245.52
847.png,60-B2 063.70
848.png,93-P1 798.67
849.png,72-F1 207.41
850.png,55-X8 6503
851.png,59-S2 417.37
852.png,47-K1 082.79
853.png,59-U1 019.85
854.png,59-B1 352.94
855.png,59-H1 556.99
856.png,59-L2 2371
857.png,51-X9 4654
859.png,59-F1 845.87
860.png,59-P1 986.63
861.png,75-H2 8428
864.png,47-K2 9950
865.png,59-L2 020.84
866.png,49-B1 328.70
867.png,59-F1 428.19
868.png,59-L2 275.60
869.png,70-EA 006.57
870.png,59-V2 486.12
872.png,59-V2 246.14
873.png,59-C1 239.68
874.png,68-X1 223.06
875.png,49-K1 392.72
876.png,72-F1 206.13
877.png,59-E1 192.83
880.png,59-L2 139.38
882.png,77-F1 216.26
883.png,55-Y1 9833
884.png,86-B6 226.70
885.png,69-D1 056.61
886.png,82-B1 197.89
887.png,59-K1 201.73
888.png,59-L1 459.00
889.png,59-T1 035.06
890.png,59-S1 387.31
891.png,55-X1 7546
892.png,59-C1 136.96
893.png,59-L2 063.77
894.png,79-D1 158.14
895.png,59-C2 459.28
896.png,54-Z7 3400
897.png,59-N2 720.61
898.png,59-V1 833.57
899.png,54-Y9 3476
900.png,59-U1 393.80
901.png,59-E1 283.43
902.png,59-C2 440.11
903.png,59-S1 448.95
904.png,59-L1 499.44
906.png,75-K3 0899
907.png,79-N1 6788
908.png,54-X4 5969
909.png,59-S1 944.22
911.png,54-F1 6743
912.png,59-B1 408.70
914.png,54-L4 2110
915.png,59-P1 269.89
916.png,71-S3 9276
917.png,60-B5 557.23
918.png,59-M1 535.61
919.png,54-V7 9675
922.png,59-N1 749.39
923.png,54-X7 2899
924.png,59-FA 009.82
925.png,52-U4 0050
927.png,59-D1 834.14
928.png,49-E1 399.41
930.png,79-N2 098.54
931.png,59-L2 231.64
932.png,54-F3 9952
933.png,54-H1 4882
934.png,59-V2 158.00
935.png,36-F4 2678
936.png,59-L2 294.77
937.png,59-T1 608.30
938.png,54-T5 4498
939.png,60-B4 221.55
940.png,59-P2 112.06
941.png,59-C1 655.15
942.png,54-P8 1515
943.png,69-U1 3670
944.png,63-B2 233.99
945.png,59-M1 537.73
946.png,16-L9 5425
947.png,69-C1 007.88
948.png,67-E1 054.20
949.png,54-S1 6312
950.png,59-U1 497.26
951.png,59-C1 471.67
952.png,72-C1 789.16
953.png,59-S1 596.94
954.png,59-P2 031.65
955.png,59-F1 201.58
956.png,38-Z1 0084
957.png,72-E1 015.15
958.png,47-C1 137.70
959.png,51-Y6 7665
960.png,52-H4 0234
962.png,54-P4 8871
963.png,62-P1 532.21
964.png,54-T1 2473
965.png,71-B1 445.73
966.png,54-R3 9587
967.png,55-P7 1233
968.png,63-S2 0246
969.png,59-F1 112.99
970.png,56-P1 9074
971.png,59-E1 134.17
972.png,59-C2 562.37
973.png,59-U1 932.21
974.png,70-B1 551.32
975.png,59-Y1 864.94
976.png,59-N1 442.91
977.png,43-H1 6799
978.png,54-T4 6647
979.png,63-B5 125.34
980.png,60-B8 010.75
981.png,60-C1 353.31
982.png,59-L1 138.26
983.png,68-X1 210.02
984.png,94-K1 002.02
985.png,59-T1 322.29
986.png,54-P7 6117
987.png,60-B3 220.83
988.png,59-P2 365.11
989.png,59-V1 098.69
990.png,67-M2 3789
991.png,55-P1 0009
992.png,52-H4 8060
993.png,59-C1 430.17
994.png,52-Z6 7766
995.png,59-U1 703.92
997.png,78-H1 001.11
998.png,59-N1 766.54
1000.png,63-YV1 0200
1001.png,59-E1 642.39
1003.png,95-D8 011.79
1004.png,59-U1 564.52
1005.png,59-B1 338.72
1007.png,86-X1 5955
1008.png,54-U2 4957
1009.png,86-H7 9591
1010.png,67-1 083.47
1011.png,59-C2 422.00
1012.png,55-P5 6876
1015.png,72-C1 526.93
1016.png,86-B3 414.92
1017.png,71-B1 113.45
1019.png,59-X2 651.76
1021.png,59-S1 670.82
1022.png,79-N1 188.93
1023.png,54-T1 1850
1024.png,59-P1 293.81
1026.png,51-H2 4476
1027.png,51-H4 8354
1028.png,37-M1 079.18
1029.png,95-E1 177.63
1030.png,54-F4 5279
1031.png,59-Z1 272.75
1032.png,55-P6 0839
1033.png,63-B9 630.40
1034.png,76-U1 139.38
1035.png,68-H7 4213
1036.png,52-F3 3586
1037.png,59-U1 136.29
1038.png,63-V5 0914
1039.png,59-K1 438.40
1041.png,59-T1 867.82
1043.png,71-B1 125.22
1044.png,81-G1 006.65
1045.png,59-C2 443.33
1047.png,62-N1 369.34
1048.png,59-U1 114.44
1049.png,52-U7 8693
1050.png,59-M1 876.68
1051.png,59-L1 974.57
1053.png,59-V1 587.23
1055.png,77-F1 284.72
1056.png,52-F3 7458
1058.png,61-C1 226.09
1059.png,54-V8 5033
1060.png,59-L1 785.82
1061.png,59-P2 111.79
1062.png,59-U1 843.66
1063.png,54-L5 5031
1064.png,54-H3 3457
1065.png,29-D1 635.16
1067.png,54-P7 3985
1068.png,59-C2 210.98
1069.png,47-R1 2443
1070.png,51-Z3 0606
1071.png,59-E1 328.86
1073.png,59-S2 323.86
1074.png,86-B3 404.30
1075.png,59-C1 131.83
1077.png,71-B2 513.18
1079.png,59-N1 760.49
1080.png,59-X2 551.50
1083.png,59-P1 393.55
1084.png,64-Z1 2383
1085.png,59-H1 563.90
1087.png,59-M1 541.92
1088.png,51-L3 2640
1090.png,59-S1 178.16
1091.png,59-C2 274.15
1092.png,59-C1 399.16
1093.png,47-B1 998.64
1094.png,77-D1 129.38
1096.png,59-X1 360.52
1097.png,67-B1 085.05
1098.png,59-S2 470.61
1099.png,59-U1 555.29
1100.png,59-E1 492.85
1102.png,59-S1 634.97
1103.png,66-S1 090.18
1104.png,59-Y1 584.47
1105.png,59-S1 103.93
1107.png,59-P2 342.76
1108.png,53-V4 8609
1110.png,54-P8 3069
1112.png,59-E1 659.03
1113.png,59-T1 239.77
1114.png,59-T1 857.17
1115.png,59-K1 865.59
1116.png,59-P2 239.30
1118.png,51-R4 2488
1119.png,54-R1 1147
1120.png,77-L1 373.72
1121.png,59-L2 237.14
1122.png,59-E1 628.47
1123.png,59-K1 144.68
1124.png,59-M1 973.72
1125.png,61-C1 527.87
1126.png,59-F1 752.91
1127.png,54-L5 3444
1128.png,55-P8 9613
1129.png,59-V2 465.89
1130.png,43-S6 0133
1132.png,59-F1 547.19
1133.png,59-X2 671.78
1134.png,67-E1 066.61
1136.png,59-U1 622.31
1137.png,53-S7 7589
1138.png,59-U1 254.18
1140.png,59-X2 564.62
1141.png,59-L1 165.11
1142.png,59-P1 717.56
1143.png,59-C2 118.94
1145.png,54-Y8 8280
1147.png,59-S1 098.41
1148.png,59-F1 147.60
1149.png,59-S1 783.84
1150.png,85-D1 059.60
1151.png,73-G1 175.44
1152.png,60-B7 366.38
1153.png,51-L3 4827
1154.png,47-D1 172.37
1155.png,59-X2 751.98
1156.png,59-U1 092.78
1157.png,59-P1 947.51
1158.png,29-B1 105.59
1159.png,59-L1 387.65
1160.png,59-V2 083.41
1161.png,59-P2 110.73
1162.png,49-K1 271.44
1163.png,59-K1 569.58
1164.png,54-R3 0018
1165.png,59-V2 144.65
1166.png,59-A3 080.11
1167.png,60-P7 1246
1168.png,59-H1 609.19
1169.png,71-H1 9657
1170.png,48F 1856
1171.png,71-B2 726.34
1172.png,59-K1 852.50
1173.png,77-H1 190.25
1174.png,59-L1 607.78
1175.png,64-D1 218.88
1176.png,59-F1 085.01
1177.png,52-T7 2746
1178.png,59-P1 244.97
1179.png,52-F6 4378
1180.png,59-M1 563.78
1181.png,59-D1 433.91
1182.png,52-Y3 5969
1183.png,62-S3 5031
1185.png,77-C1 226.97
1186.png,59-L1 180.44
1187.png,59-C1 305.43
1188.png,55-P8 4339
1189.png,79-H5 7630
1190.png,54-K4 8147
1191.png,63-B4 369.20
1193.png,59-T1 036.17
1194.png,59-F1 293.46
1195.png,59-U1 744.90
1196.png,59-M1 909.77
1197.png,60-B2 369.12
1198.png,59-T1 554.17
1199.png,59-H1 542.89
1200.png,54-T2 0810
1201.png,59-N1 933.05
1202.png,54-T3 6239
1204.png,59-N1 005.69
1205.png,72-L8 6035
1206.png,54-L3 9902
1207.png,59-C2 324.77
1208.png,59-G1 336.71
1209.png,63-B3 469.05
1210.png,59-S2 206.17
1212.png,67-L1 335.25
1213.png,78-N2 5941
1217.png,78-C1 194.55
1218.png,60-B5 585.83
1219.png,71-C2 365.63
1220.png,59-M1 975.82
1221.png,54-U4 6484
1222.png,59-K1 642.27
1223.png,59-S1 595.59
1225.png,53-X6 6011
1226.png,59-T1 814.39
1227.png,59-S2 119.98
1228.png,83-C1 222.34
1229.png,59-V1 553.20
1231.png,54-N5 6409
1232.png,59-U1 746.75
1234.png,59-S2 452.75
1235.png,59-F1 251.23
1236.png,59-M1 944.58
1237.png,64-C1 042.62
1238.png,59-P2 249.79
1239.png,59-B1 221.19
1240.png,59-C1 497.44
1241.png,54-L4 2443
1242.png,43-S2 6463
1243.png,59-D2 172.44
1244.png,67-B1 818.46
1245.png,66-N6 5519
1246.png,59-F1 184.61
1247.png,60-F1 506.70
1248.png,59-V2 348.15
1250.png,47-AB 559.99
1251.png,59-T1 289.66
1252.png,65-U2 4787
1254.png,47-H7 5226
1255.png,59-U1 742.83
1258.png,83-P1 996.96
1259.png,59-S2 149.40
1260.png,59-D2 064.28
1261.png,59-C1 428.18
1262.png,71-B2 177.57
1263.png,59-D1 982.76
1264.png,47-M7 4206
1266.png,51-K2 1103
1268.png,59-F1 035.68
1269.png,59-D1 063.99
1270.png,59-V1 914.60
1271.png,55-P4 8426
1272.png,54-V6 6004
1273.png,71-S5 5600
1274.png,59-K1 965.91
1277.png,59-K1 440.76
1278.png,55-X8 2215
1279.png,60-B5 625.83
1280.png,60-B1 040.34
1281.png,47-N6 9618
1282.png,59-M1 707.91
1283.png,49-K1 388.86
1284.png,59-A3 086.42
1285.png,59-L2 273.45
1287.png,59-T1 554.24
1288.png,59-F1 030.55
1289.png,76-K3 3694
1290.png,54-S8 8080
1291.png,59-T1 536.68
1292.png,59-H1 194.66
1293.png,59-F1 714.78
1294.png,59-P1 871.49
1295.png,77-X6 9544
1296.png,76-H1 061.61
1297.png,59-N2 437.56
1298.png,68-K4 9407
1299.png,86-C1 072.61
1300.png,59-S1 311.97
1301.png,49-E1 153.83
1302.png,59-C2 456.33
1303.png,59-T1 661.53
1304.png,59-S2 015.72
1306.png,59-C1 287.40
1307.png,50-N1 074.28
1309.png,59-E1 645.16
1311.png,51-F9 1341
1312.png,59-E1 582.84
1313.png,59-T1 561.50
1314.png,86-B6 246.82
1315.png,66-K1 206.70
1316.png,59-F1 123.29
1317.png,59-M1 118.11
1318.png,59-T1 461.01
1319.png,66-P1 5967
1321.png,16-P9 6204
1322.png,59-P1 972.55
1323.png,63-H2 7326
1325.png,72-T2 8629
1326.png,51-H3 6696
1327.png,59-M1 060.28
1329.png,59-T1 772.07
1330.png,59-S2 352.05
1332.png,59-H1 528.50
1333.png,83-P2 131.73
1335.png,59-D1 202.55
1336.png,59-D1 669.74
1337.png,59-F1 474.04
1339.png,67-N1 208.86
1340.png,51-U7 4598
1341.png,59-U1 202.74
1343.png,51-L7 4255
1345.png,72-K1 089.89
1347.png,59-H1 330.46
1349.png,81-B1 613.86
1351.png,51-R5 2701
1353.png,72-H7 3227
1354.png,59-P1 526.39
1355.png,59-L2 115.00
1356.png,84-L1 325.47
1357.png,59-C2 492.00
1358.png,59-L2 324.73
1359.png,59-U1 797.51
1360.png,59-C1 496.84
1361.png,69-F2 2140
1362.png,49-B1 208.07
1363.png,54-V1 4819
1364.png,68-F5 5727
1365.png,51-L3 8385
1366.png,54-T1 5417
1367.png,59-VA 008.43
1368.png,71-F5 2321
1369.png,72-L2 1703
1370.png,59-F1 075.09
1372.png,59-T1 466.85
1373.png,59-S1 757.15
1375.png,66-L3 6400
1376.png,59-C2 593.32
1377.png,61-B1 365.88
1378.png,63-B2 227.94
1380.png,29-B1 227.01
1381.png,53-S6 2722
1382.png,84-L1 272.71
1384.png,59-C1 058.99
1385.png,59-L1 064.58
1386.png,76-V6 3429
1388.png,59-S1 682.87
1390.png,63-B2 163.53
1392.png,54-T1 6084
1393.png,47-N7 6992
1394.png,59-X1 493.69
1395.png,47-L1 099.77
1396.png,72-H1 173.59
1397.png,59-S1 957.62
1398.png,63-B7 033.23
1399.png,59-F1 497.59
1400.png,60-B3 378.46
1401.png,59-D1 088.61
1402.png,59-U1 515.95
1403.png,77-G1 257.59
1404.png,59-H1 468.28
1405.png,59-K1 406.50
1406.png,59-F1 561.29
1407.png,61-D1 079.11
1408.png,51-R3 2161
1410.png,59-M1 714.43
1411.png,51-S6 3577
1413.png,59-Y2 767.96
1414.png,59-X2 814.67
1417.png,59-U1 849.00
1418.png,71-B2 898.37
1420.png,50-DC 3878
1422.png,60-B5 118.27
1423.png,59-G1 152.55
1424.png,59-C1 707.73
1425.png,59-C1 677.90
1426.png,62-N1 327.46
1427.png,59-D1 782.62
1428.png,54-S1 6830
1429.png,86-C1 475.15
1430.png,92-N1 030.03
1431.png,22-H5 1198
1433.png,50-KA 5535
1434.png,55-P6 7093
1435.png,54-T4 0987
1436.png,59-X2 361.67
1437.png,59-M1 608.86
1438.png,59-Y1 423.23
1439.png,59-X1 564.19
1440.png,59-Z2 027.68
1441.png,51-R3 0737
1443.png,54-S5 0882
1444.png,59-S1 318.86
1445.png,59-V1 677.47
1448.png,59-M1 974.89
1449.png,59-H1 525.76
1450.png,54-S9 0621
1451.png,59-C2 506.21
1452.png,83-H6 6954
1453.png,62-K8 5607
1454.png,59-E1 086.70
1455.png,59-S2 288.34
1456.png,54-S1 3034
1457.png,52-X4 7344
1459.png,59-T1 183.62
1461.png,59-V1 715.41
1463.png,51-L7 3998
1464.png,59-C2 316.01
1465.png,59-F1 140.64
1466.png,59-U1 918.97
1467.png,59-P2 111.20
1468.png,54-2 4924
1469.png,59-H1 467.04
1470.png,81-U1 002.76
1471.png,61-B1 313.45
1472.png,59-S2 400.17
1473.png,59-X1 328.17
1474.png,79-Z1 101.84
1476.png,59-V2 187.44
1479.png,59-T1 202.43
1480.png,59-V1 877.54
1483.png,59-C1 539.93
1485.png,85-F1 149.27
1487.png,59-F1 098.65
1488.png,59-V1 533.10
1489.png,59-T1 927.15
1490.png,59-E1 707.62
1492.png,52-S2 4832
1494.png,59-U1 777.92
1495.png,59-P1 631.38
1496.png,70-G1 135.09
1497.png,61-D1 006.26
1498.png,59-P1 128.75
1499.png,59-T1 540.49
1500.png,59-E1 080.58
1501.png,67-L1 066.69
1502.png,59-TA 003.29
1504.png,59-P2 019.20
1505.png,79-H5 8812
1506.png,59-E1 129.03
1507.png,54-U4 4199
1508.png,82-H1 088.66
1509.png,77-X4 6391
1510.png,63-B1 320.04
1511.png,59-G1 858.20
1512.png,59-H1 321.22
1514.png,53-Z2 3502
1517.png,71-C2 321.49
1518.png,51-H2 2933
1519.png,94-E1 193.17
1520.png,60-B2 235.67
1521.png,59-S1 916.67
1522.png,59-H1 0571
1523.png,59-X1 602.10
1525.png,59-P1 857.00
1526.png,62-AP 002.70
1527.png,59-T1 014.39
1530.png,59-S1 148.83
1531.png,59-B1 015.54
1532.png,79-N1 605.29
1534.png,54-S1 9755
1535.png,59-L1 810.06
1537.png,59-V1 881.14
1538.png,77-M6 3369
1539.png,59-E1 708.50
1541.png,59-P2 231.03
1542.png,86-B6 218.90
1543.png,51-L3 3664
1544.png,51-U8 3423
1545.png,59-T1 221.89
1547.png,59-N1 871.73
1551.png,59-X1 495.73
1552.png,52-K3 8683
1554.png,54-P2 8057
1555.png,39-F1 5014
1557.png,59-U1 3868
1559.png,50-T2 7594
1560.png,92-L8 7156
1561.png,59-L1 979.98
1563.png,51-V4 4579
1564.png,49-L1 012.41
1565.png,59-P1 179.80
1566.png,93-K1 140.05
1568.png,54-F2 4106
1570.png,59-K1 992.17
1571.png,59-X2 910.11
1572.png,52-S3 7078
1573.png,71-B1 979.14
1574.png,67-C1 053.55
1575.png,59-S1 418.03
1576.png,59-L1 591.50
1577.png,59-T1 272.42
1578.png,60-F1 404.94
1579.png,59-T1 116.92
1581.png,49-L1 044.56
1582.png,52-U4 9980
1583.png,59-S1 746.13
1584.png,59-S2 129.78
1586.png,70-P1 5900
1587.png,52-T7 4640
1588.png,59-D1 502.16
1589.png,59-F1 599.97
1592.png,59-K2 012.24
1593.png,29-C1 209.02
1594.png,68-N1 081.17
1595.png,64-K4 7483
1596.png,54-U5 1223
1597.png,59-P1 789.99
1598.png,52-P2 8146
1599.png,54-U5 7119
1600.png,59-U1 576.74
1601.png,51-3 2161
1603.png,94-D1 047.71
1604.png,54-X4 5335
1605.png,59-G1 615.90
1606.png,52-H9 9892
1607.png,52-F3 1770
1608.png,59-P1 897.39
1609.png,52-F3 8889
1610.png,59-P1 331.63
1612.png,59-M1 364.52
1613.png,59-T1 385.06
1614.png,59-M1 884.18
1615.png,61-H1 091.39
1616.png,51-H3 0809
1617.png,59-F1 750.31
1619.png,72-X1 8179
1620.png,59-F1 167.11
1621.png,59-Y1 602.71
1622.png,51-S9 1699
1623.png,59-X2 679.51
1624.png,59-K1 840.15
1625.png,71-C2 364.23
1626.png,59-T1 148.60
1628.png,59-B1 339.68
1629.png,84-K3 4900
1630.png,59-U1 399.97
1631.png,59-N2 314.28
1632.png,59-S2 303.19
1633.png,59-Y1 446.65
1634.png,49-B1 031.26
1635.png,76-G1 226.07
1636.png,77-L1 008.95
1637.png,53-R8 8556
1638.png,59-V2 216.04
1639.png,59-P1 860.84
1640.png,60-B8 499.28
1641.png,63-B9 292.19
1642.png,56-P1 6734
1643.png,59-C1 247.85
1645.png,59-E1 705.35
1647.png,59-L1 002.46
1648.png,59-F1 238.65
1649.png,59-P1 255.12
1650.png,79-D1 077.05
1652.png,60-B5 314.02
1653.png,65-H9 0714
1654.png,67-M5 9687
1655.png,51-M2 1890
1657.png,59-F1 651.71
1658.png,59-S1 062.41
1659.png,55-P4 8831
1661.png,72-F1 355.07
1663.png,59-V1 227.09
1664.png,59-H1 477.51
1665.png,54-P4 6793
1666.png,50-H8B 2282
1667.png,79-T2 6658
1668.png,59-D1 019.78
1669.png,92-D1 427.05
1670.png,59-G1 876.71
1671.png,59-C1 309.23
1672.png,69-U1 204.15
1673.png,53-V3 5614
1676.png,54-V1 5558
1677.png,53-R5 0201
1679.png,77-F1 253.89
1680.png,84-L1 314.08
1682.png,59-V1 597.16
1683.png,79-N1 791.17
1684.png,51-H2 3397
1685.png,54-U5 7406
1688.png,30-N4 5882
1689.png,59-E1 183.10
1692.png,59-M1 614.06
1694.png,83-P2 414.57
1695.png,54-V7 8344
1697.png,49-P1 0580
1698.png,59-U1 729.79
1699.png,61-B1 618.78
1701.png,72-L9 3441
1702.png,72-C1 709.89
1703.png,55-P8 1120
1704.png,62-M1 361.69
1706.png,60-B7 115.57
1707.png,59-M1 470.96
1709.png,52-U8 3666
1710.png,59-T1 848.07
1711.png,60-Y2 2445
1712.png,59-F1 095.96
1713.png,54-Z1 2997
1715.png,51-V2 3974
1716.png,51-L8 2105
1718.png,59-S2 084.18
1719.png,59-H1 406.39
1723.png,54-H2 5463
1724.png,51-H4 9707
1726.png,55-P6 2004
1727.png,53-V9 7976
1729.png,59-N1 000.18
1730.png,78-D1 084.69
1731.png,54-Z8 7524
1732.png,85-D1 016.11
1733.png,59-H1 412.96
1735.png,51-H5 8092
1736.png,72-C1 050.18
1737.png,78-C1 147.48
1739.png,51-M2 1719
1740.png,79-MN2 2094
1742.png,59-V2 042.12
1743.png,37-E1 191.45
1745.png,51-Z7 4533
1746.png,72-D1 086.82
1747.png,59-V1 891.58
1748.png,63-Y1 0200
1749.png,59-C1 559.80
1750.png,89A-159.61
1751.png,"29H 354,47"
1752.png,30A-180.36
1753.png,30F 035.23
1754.png,30E-743.23
1755.png,29A 224.43
1756.png,30M-4703
1757.png,30A 625.39
1758.png,30G-470.36
1759.png,14A-434.41
1760.png,29A-420.50
1761.png,89A 159.73
1762.png,29A 066.69
1763.png,29A 605.13
1764.png,30F-743.38
1765.png,30G 582.36
1766.png,90A 090.54
1767.png,30A-049.26
1768.png,29H-152.07
1769.png,30M-4253
1770.png,30F-322.45
1771.png,30E 398.14
1772.png,30F-659.39
1773.png,30F-935.91
1775.png,30G 516.24
1777.png,30A-440.35
1778.png,30E 662.66
1779.png,30A-345.88
1781.png,30G-254.95
1782.png,50Z 6788
1783.png,30G- 039.47
1784.png,30A-261.44
1786.png,29A-050.80
1790.png,30G-411.71
1791.png,29V-1910
1792.png,30F-547.45
1794.png,29H-238.55
1795.png,30E-197.52
1796.png,29C-227.76
1797.png,30F 5204
1801.png,89A-073.94
1803.png,30A-711.03
1804.png,89C 134.97
1805.png,29C-825.06
1806.png,89LD-002.75
1807.png,30E-438.43
1808.png,36A 014.18
1809.png,30A-575.99
1810.png,89A-073.79
1811.png,30E-130.28
1813.png,20A-030.38
1815.png,30G-111.55
1816.png,30V 8692
1817.png,30E 858.86
1819.png,51F 869.47
1820.png,30E-435.02
1822.png,89A-069.32
1823.png,29A-224.43
1824.png,30E 979.74
1825.png,89A 103.41
1826.png,89A 123.27
1827.png,30F 782.86
1828.png,29Z-99B66
1829.png,15A-006.35
1830.png,30A-583.73
1831.png,24D-000.82
1832.png,30A 926.45
1833.png,30E-121.76
1834.png,30F 563.30
1836.png,30G-489.17
1837.png,30F-325.98
1838.png,34A-204.77
1840.png,36A-014.18
1841.png,29A-605.13
1843.png,89A-200.61
1844.png,30E 021.41
1845.png,29C-640.38
1846.png,30A-604.34
1848.png,30F 880.13
1849.png,99A-332.54
1850.png,30G-043.75
1851.png,88LD-007.57
1852.png,29D-095.66
1854.png,30A 719.80
1855.png,89A 077.58
1856.png,30F-749.05
1857.png,30F 709.24
1858.png,29A 095.86
1860.png,29C-652.27
1861.png,56S-0009
1862.png,89A-104.29
1863.png,30G 550.31
1864.png,30A-444.82
1866.png,30A 744.91
1867.png,30F-729.28
1868.png,30F-207.84
1869.png,30F-359.39
1870.png,29H 035.60
1871.png,30A 711.03
1872.png,30E-476.62
1873.png,29A-651.69
1876.png,20A 298.79
1877.png,51G-529.11
1879.png,98A-298.14
1881.png,30A-884.59
1884.png,80G-039.16
1885.png,30G 297.50
1886.png,30F 264.49
1887.png,99A-364.56
1889.png,30F 256.97
1891.png,30F 075.55
1892.png,30F-320.80
1893.png,30A-620.43
1894.png,30A-638.39
1895.png,29D 095.66
1896.png,29A 368.15
1897.png,89A 157.17
1898.png,30F-504.83
1899.png,30E-066.18
1900.png,26A-001.64
1901.png,36A 041.04
1902.png,30A-328.67
1903.png,30E 773.79
1906.png,30E-938.15
1907.png,30F-326.65
1908.png,30A-970.61
1909.png,30A 968.05
1910.png,30E 506.92
1912.png,30A-402.93
1914.png,30G-433.42
1915.png,30G-329.55
1916.png,29A-953.94
1917.png,30F-275.80
1918.png,29A-294.41
1919.png,35A-108.19
1920.png,30E 502.07
1922.png,30E 610.11
1923.png,30E-964.16
1925.png,30F 514.43
1927.png,30E 523.74
1928.png,30G 464.37
1929.png,14A-092.90
1931.png,30E 635.63
1932.png,30A-375.19
1933.png,30E-890.23
1934.png,29A-719.90
1935.png,30G-372.13
1936.png,30A-234.51
1938.png,30F 112.92
1939.png,51G 943.03
1940.png,30A 339.49
1942.png,30F 152.92
1944.png,51A-005.30
1945.png,30F-905.40
1946.png,30A-467.48
1948.png,89A 073.79
1949.png,29A-258.85
1950.png,30F 768.09
1952.png,30A 058.57
1954.png,30A 056.84
1955.png,30F-441.01
1956.png,30G-018.66
1960.png,30E-199.03
1961.png,29C-818.39
1963.png,30E-860.44
1964.png,29A-467.91
1965.png,89A 123.88
1966.png,36A 256.49
1967.png,30E-773.79
1968.png,30G 479.26
1969.png,30G 034.74
1972.png,30E 601.23
1973.png,98A 173.39
1975.png,89A 200.61
1976.png,29A-928.39
1978.png,30F-326.59
1979.png,30A-041.80
1981.png,30G 532.79
1985.png,30E-755.31
1986.png,30A 783.40
1989.png,98A-134.67
1990.png,30A-111.11
1991.png,30F-658.47
1992.png,89A-178.88
1993.png,30F-072.27
1997.png,30F-264.49
1999.png,30E-495.36
2000.png,30E-976.62
2002.png,30E 712.24
2003.png,30F 991.27
2004.png,30F 795.15
2005.png,99A 104.32
2006.png,30E 637.85
2007.png,30G-196.63
2008.png,30A-594.64
2009.png,30E 435.02
2011.png,21A-085.31
2013.png,30G-191.85
2014.png,89A-138.64
2016.png,89C 195.99
2018.png,30F-215.10
2019.png,29C-666.26
2022.png,88A-230.16
2023.png,30G-104.28
2024.png,30G-367.15
2025.png,89A 069.32
2026.png,30F-701.92
2027.png,30G-413.59
2029.png,24A 159.35
2032.png,29A 293.59
2033.png,89A 110.39
2034.png,30A-699.19
2036.png,30F 701.92
2037.png,26A-082.11
2038.png,29D-056.85
2039.png,30G 199.09
2042.png,30A-701.90
2044.png,30A 496.89
2045.png,29C-735.87
2048.png,88A-144.36
2049.png,29D 087.22
2050.png,98A 328.02
2051.png,30F-089.31
2052.png,29A-604.32
2053.png,29A 258.85
2058.png,30A 807.44
2061.png,29A-977.01
2065.png,14A-250.74
2066.png,30F 659.46
2067.png,29A 912.09
2068.png,30F 715.78
2070.png,29Z-1452
2071.png,30F-326.43
2073.png,30A 975.71
2074.png,30F-461.89
2075.png,34C 224.96
2076.png,30A-761.21
2077.png,30A 261.44
2078.png,14A 092.90
2079.png,30F-362.53
2080.png,29C 702.56
2082.png,19A 085.64
2083.png,29A 735.70
2084.png,30A 328.67
2085.png,30S-0426
2086.png,30E 661.22
2089.png,30G-094.83
2090.png,30F-573.31
2091.png,30F-204.49
2093.png,30F 501.67
2094.png,89A 097.30
2095.png,30A-682.51
2096.png,98A-173.39
2097.png,29A-362.57
2098.png,30A 521.86
2099.png,30F 445.80
2100.png,29H 404.33
2101.png,88A-080.79
2103.png,30E 049.14
2104.png,30F-196.43
2106.png,89LD 002.75
2107.png,30F-860.34
2108.png,30E 774.08
2111.png,30F 329.51
2113.png,30E-387.21
2114.png,89LD 005.46
2115.png,19N-1866
2117.png,15A 065.96
2120.png,30G 614.62
2122.png,29H 067.37
2125.png,30E-238.71
2126.png,29C 677.98
2131.png,30Z 8657
2133.png,30G 441.67
2134.png,30G-403.04
2136.png,30A 265.83
2139.png,30G 215.92
2141.png,30A-338.33
2142.png,30F-715.78
2143.png,99A-187.66
2144.png,30A-988.46
2147.png,89A-112.97
2148.png,30F-103.17
2149.png,30F 490.56
2151.png,29H 020.42
2155.png,30F 361.27
2156.png,30A-051.97
2159.png,29C 660.73
2163.png,30A-992.79
2164.png,29H-128.91
2165.png,29A 339.28
2167.png,30G 598.10
2169.png,30E 344.22
2172.png,30E-945.15
2174.png,30G 542.01
2175.png,30G-363.36
2177.png,29A-258.08
2179.png,89A-109.93
2180.png,30A 38286
2183.png,89A 155.30
2184.png,30G-163.80
2185.png,30A-711.79
2187.png,29A-983.66
2189.png,30F 196.43
2190.png,30E-909.55
2192.png,29A 680.05
2195.png,30E-720.66
2196.png,30F-256.97
2197.png,30E-052.07
2198.png,30F-219.50
2199.png,30F-711.65
2200.png,30G 018.66
2201.png,29H 077.16
2202.png,30E 902.57
2206.png,30F 516.95
2210.png,29A-609.86
2212.png,34A 358.51
2213.png,99A 124.97
2217.png,29H 070.62
2220.png,15A-065.96
2221.png,30E981.31
2223.png,89A-155.30
2225.png,30A 952.05
2226.png,30A- 611.53
2227.png,30G 566.95
2228.png,30F 609.47
2229.png,30E 715.83
2230.png,30G-315.53
2232.png,30F 778.54
2234.png,29D-514.11
2235.png,62A 026.36
2236.png,30F-189.76
2238.png,30G-464.37
2239.png,89A 159.39
2244.png,30F-970.25
2249.png,30F-704.42
2253.png,30A-029.65
2254.png,30N-7921
2255.png,30F-911.49
2259.png,30G-468.85
2260.png,30G-257.94
2262.png,30G 621.07
2265.png,30G 590.68
2266.png,29H-150.79
2267.png,30G 610.86
2268.png,30E-643.79
2269.png,30F-990.15
2270.png,89A-139.62
2274.png,29A-049.99
2275.png,30G-352.17
2276.png,30E-207.01
2279.png,29A 440.39
2283.png,29H 129.97
2285.png,29A-779.98
2286.png,30G-439.12
2289.png,30G 612.39
2291.png,29D-024.74
2292.png,29A-465.11
2294.png,30E 911.77
2295.png,30F-943.76
2297.png,30G 227.21
2299.png,30A-767.91
2301.png,30F-864.04
2303.png,30F-524.56
2305.png,89A-185.77
2306.png,30E-412.31
2308.png,34A 315.06
2310.png,30G-411.59
2312.png,89A 214.13
2314.png,29A 261.28
2316.png,30F 578.08
2317.png,30A-178.31
2318.png,29A-440.39
2320.png,30E 144.99
2323.png,29D-078.81
2324.png,29A 325.10
2327.png,30F-936.44
2328.png,29U 3763
2329.png,29A-023.43
2330.png,89A 147.23
2334.png,30E-293.28
2340.png,29V-6767
2341.png,34A-318.25
2342.png,30E-666.84
2344.png,30F-926.19
2345.png,89A-196.40
2349.png,29A-481.70
2351.png,29H-067.37
2355.png,51C-973.63
2356.png,36A-490.52
2358.png,30F-546.59
2361.png,30Z-1040
2363.png,99A-104.32
2366.png,29A-463.19
2368.png,36A-256.49
2369.png,98A-328.02
2376.png,30F 458.65
2378.png,30E 035.23
2380.png,30F-952.80
2384.png,89A-088.24
2385.png,90A-077.18
2387.png,15A-168.71
2388.png,30S-2639
2390.png,30E-762.26
2391.png,30F-689.47
2392.png,30A 682.51
2393.png,20A-360.78
2394.png,30G 353.92
2395.png,30G-335.31
2396.png,29A-095.86
2400.png,30A-359.19
2404.png,30F-508.33
2405.png,30G-039.16
2407.png,19A 327256
2408.png,30A-792.09
2410.png,30A 699.19
2411.png,29C-567.48
2412.png,30E 694.36
2415.png,30F-512.72
2416.png,89A 124.33
2417.png,29C 805.81
2419.png,29A-854.37
2421.png,30G-437.55
2422.png,29U 5411
2424.png,89A 090.96
2426.png,30A-924.50
2427.png,30A-963.08
2430.png,19A 327.26
2431.png,30A-556.95
2432.png,30A 827.71
2433.png,30A-068.29
2436.png,30E 344.41
2437.png,99A 084.87
2438.png,30A 315.44
2441.png,30A 611.53
2443.png,88A-305.98
2444.png,29H-156.06
2445.png,29C-666.25
2447.png,30E-306.40
2448.png,89A 043.69
2453.png,88A-033.36
2454.png,89A 058.20
2455.png,30G 588.58
2456.png,30F-880.13
2457.png,29T-2471
2458.png,30F-928.40
2459.png,29A-231.36
2460.png,30E-636.99
2461.png,30A 929.57
2463.png,30E-661.22
2466.png,31F-7986
2467.png,30F-450.81
2468.png,30G 515.11
2469.png,30F 393.61
2471.png,30X-4243
2472.png,29C 825.06
2473.png,30F-608.98
2474.png,30A 963.08
2476.png,30A-687.83
2477.png,88A-337.44
2478.png,30F-771.59
2485.png,89C 156.37
2487.png,29C 652.27
2489.png,30G-091.32
2490.png,30E 685.00
2491.png,30F-200.49
2492.png,89A-137.80
2494.png,29A 175.43
2495.png,30F-679.41
2496.png,30F-769.35
2499.png,34A-358.99
2500.png,30F 674.03
2502.png,29A 462.94
2504.png,30G-379.86
2509.png,29A-871.80
2510.png,30E 803.77
2511.png,15A-169.38
2512.png,99A 322.94
2514.png,19A 297.36
2515.png,30A-807.44
2516.png,30G 119.94
2518.png,29D-215.96
2520.png,29C-993.40
2522.png,18A-078.26
2523.png,30E-344.11
2526.png,30E-686.57
2527.png,89A-088.77
2531.png,30A-478.37
2533.png,30A-896.85
2535.png,29D 056.85
2536.png,29D-017.99
2537.png,29- 572.24
2538.png,30G 005.67
2539.png,89A 0775
2540.png,30E 540.93
2543.png,30A-203.88
2546.png,30A 484.83
2547.png,30G 372.13
2551.png,30G-395.09
2552.png,29H 384.52
2554.png,30A-793.30
2555.png,30F 465.64
2557.png,29H-170.54
2559.png,29A-339.28
2560.png,30A 905.46
2562.png,29A-017.71
2563.png,30A-902.96
2564.png,30F-156.95
2565.png,30F-902.30
2566.png,30F-286.20
2569.png,37A-399.88
2570.png,14A-190.68
2573.png,88D 003.28
2575.png,34A-139.74
2577.png,30A 896.85
2580.png,18A 078.26
2582.png,30F-858.06
2586.png,30F-772.94
2589.png,3DF 951.91
2591.png,29A-000.84
2592.png,29A 429.45
2595.png,30F 905.40
2598.png,30E 325.86
2599.png,30A 999.48
2600.png,30G 065.34
2603.png,37C 375.44
2604.png,30E 610.35
2606.png,30F-701.79
2607.png,29A-5604
2608.png,29E 000.10
2610.png,30X-6295
2611.png,29A 467.91
2612.png,30E 545.15
2615.png,12A 080.60
2617.png,30F-729.29
2618.png,29H-372.60
2620.png,89D-005.90
2622.png,30F-222.54
2627.png,30M 4253
2629.png,29A 604.32
2633.png,30E 482.26
2637.png,30G-278.38
2639.png,30E-482.26
2640.png,30G-342.41
2641.png,30G 556.55
2643.png,3DF 715.78
2645.png,30F-715.54
2649.png,30F-069.73
2650.png,29H 316.58
2651.png,30A 208.90
2652.png,53S-8195
2653.png,30E 198.15
2656.png,30E 456.76
2658.png,89A 217.62
2660.png,99A 274.05
2663.png,29A 372.29
2665.png,30G -403.04
2666.png,29A 773.97
2669.png,30A 792.09
2670.png,30F 998.44
2674.png,30A-601.68
2675.png,51H 365.09
2678.png,29A-372.77
2679.png,30E-610.35
2683.png,52F-7584
2685.png,38N-1636
2687.png,30A-470.05
2690.png,36A-041.04
2692.png,29A-462.94
2693.png,30F-512.71
